app_name,file_format,ram_usage,behaviour_of_the_device,automatic_or_manual,verified_by,digital_signature_found,browser,passed_browser_firewall,website_name,cpu_usage
-1.5018184888245676,-1.406027025957647,0.7564482353088917,-0.9876710837786503,-0.9932991773805047,1.024623994330619,-0.9995897435724774,0.7022023132396912,-0.999779071783193,-1.232340320629488,2.6761270642747923
